kernel;element_count;repeat;block_count;thread_count;time_ms;throughput;length
no-run-length4;500000;1;8;16;19.1264;0.901106;5234913
no-run-length4;500000;1;16;16;8.02816;2.14681;5234913
no-run-length4;500000;1;32;16;3.9895;4.32006;5234913
no-run-length4;500000;1;64;16;1.93766;8.89469;5234913
no-run-length4;500000;1;128;16;0.968608;17.7935;5234913
no-run-length4;500000;1;256;16;0.516192;33.3886;5234913
no-run-length4;500000;1;512;16;0.284672;60.5431;5234913
no-run-length4;500000;1;8;32;8.42342;2.04607;5234913
no-run-length4;500000;1;16;32;4.22086;4.08327;5234913
no-run-length4;500000;1;32;32;2.12202;8.12195;5234913
no-run-length4;500000;1;64;32;1.04064;16.5618;5234913
no-run-length4;500000;1;128;32;0.520896;33.087;5234913
no-run-length4;500000;1;256;32;0.27888;61.8005;5234913
no-run-length4;500000;1;512;32;0.157696;109.292;5234913
no-run-length4;500000;1;8;64;3.9424;4.37168;5234913
no-run-length4;500000;1;16;64;1.97427;8.72976;5234913
no-run-length4;500000;1;32;64;0.997376;17.2803;5234913
no-run-length4;500000;1;64;64;0.53744;32.0685;5234913
no-run-length4;500000;1;128;64;0.290624;59.3031;5234913
no-run-length4;500000;1;256;64;0.165312;104.257;5234913
no-run-length4;500000;1;512;64;0.09968;172.902;5234913
no-run-length4;500000;1;8;128;2.18726;7.87967;5234913
no-run-length4;500000;1;16;128;1.09853;15.6891;5234913
no-run-length4;500000;1;32;128;0.554784;31.066;5234913
no-run-length4;500000;1;64;128;0.289504;59.5326;5234913
no-run-length4;500000;1;128;128;0.16384;105.194;5234913
no-run-length4;500000;1;256;128;0.098624;174.754;5234913
no-run-length4;500000;1;512;128;0.065568;262.856;5234913
no-run-length4;500000;1;8;256;1.1319;15.2265;5234913
no-run-length4;500000;1;16;256;0.57344;30.0553;5234913
no-run-length4;500000;1;32;256;0.294144;58.5934;5234913
no-run-length4;500000;1;64;256;0.164224;104.948;5234913
no-run-length4;500000;1;128;256;0.097888;176.068;5234913
no-run-length4;500000;1;256;256;0.06512;264.664;5234913
no-run-length4;500000;1;512;256;0.063104;273.119;5234913
no-run-length4;500000;1;8;512;0.618368;27.8716;5234913
no-run-length4;500000;1;16;512;0.311296;55.365;5234913
no-run-length4;500000;1;32;512;0.171776;100.334;5234913
no-run-length4;500000;1;64;512;0.094208;182.945;5234913
no-run-length4;500000;1;128;512;0.063968;269.43;5234913
no-run-length4;500000;1;256;512;0.061728;279.207;5234913
no-run-length4;500000;1;512;512;0.05744;300.051;5234913
no-run-length4;500000;1;8;1024;0.386688;44.5706;5234913
no-run-length4;500000;1;16;1024;0.19712;87.4336;5234913
no-run-length4;500000;1;32;1024;0.104096;165.567;5234913
no-run-length4;500000;1;64;1024;0.065536;262.984;5234913
no-run-length4;500000;1;128;1024;0.060928;282.873;5234913
no-run-length4;500000;1;256;1024;0.059616;289.099;5234913
no-run-length4;500000;1;512;1024;0.057408;300.218;5234913
no-run-length4;500000;2;8;16;19.9374;0.782034;3591696
no-run-length4;500000;2;16;16;8.73331;1.78531;3591696
no-run-length4;500000;2;32;16;4.37366;3.5649;3591696
no-run-length4;500000;2;64;16;2.1033;7.41298;3591696
no-run-length4;500000;2;128;16;1.04038;14.9865;3591696
no-run-length4;500000;2;256;16;0.550912;28.3016;3591696
no-run-length4;500000;2;512;16;0.314592;49.5616;3591696
no-run-length4;500000;2;8;32;9.13341;1.70711;3591696
no-run-length4;500000;2;16;32;4.57114;3.4109;3591696
no-run-length4;500000;2;32;32;2.29478;6.79441;3591696
no-run-length4;500000;2;64;32;1.13245;13.7681;3591696
no-run-length4;500000;2;128;32;0.561152;27.7852;3591696
no-run-length4;500000;2;256;32;0.29696;52.5044;3591696
no-run-length4;500000;2;512;32;0.159744;97.6043;3591696
no-run-length4;500000;2;8;64;4.31498;3.61339;3591696
no-run-length4;500000;2;16;64;2.16224;7.2109;3591696
no-run-length4;500000;2;32;64;1.08381;14.386;3591696
no-run-length4;500000;2;64;64;0.571392;27.2872;3591696
no-run-length4;500000;2;128;64;0.310944;50.1431;3591696
no-run-length4;500000;2;256;64;0.17408;89.5663;3591696
no-run-length4;500000;2;512;64;0.1024;152.263;3591696
no-run-length4;500000;2;8;128;2.34307;6.65438;3591696
no-run-length4;500000;2;16;128;1.1776;13.2402;3591696
no-run-length4;500000;2;32;128;0.593824;26.2564;3591696
no-run-length4;500000;2;64;128;0.309088;50.4442;3591696
no-run-length4;500000;2;128;128;0.177024;88.0767;3591696
no-run-length4;500000;2;256;128;0.102464;152.168;3591696
no-run-length4;500000;2;512;128;0.068128;228.859;3591696
no-run-length4;500000;2;8;256;1.23494;12.6254;3591696
no-run-length4;500000;2;16;256;0.618496;25.2091;3591696
no-run-length4;500000;2;32;256;0.323584;48.1844;3591696
no-run-length4;500000;2;64;256;0.170272;91.5694;3591696
no-run-length4;500000;2;128;256;0.101376;153.801;3591696
no-run-length4;500000;2;256;256;0.069632;223.916;3591696
no-run-length4;500000;2;512;256;0.065056;239.666;3591696
no-run-length4;500000;2;8;512;0.6624;23.5382;3591696
no-run-length4;500000;2;16;512;0.33584;46.426;3591696
no-run-length4;500000;2;32;512;0.172032;90.6325;3591696
no-run-length4;500000;2;64;512;0.09696;160.805;3591696
no-run-length4;500000;2;128;512;0.069696;223.71;3591696
no-run-length4;500000;2;256;512;0.063328;246.205;3591696
no-run-length4;500000;2;512;512;0.05744;271.443;3591696
no-run-length4;500000;2;8;1024;0.417792;37.3193;3591696
no-run-length4;500000;2;16;1024;0.21296;73.2142;3591696
no-run-length4;500000;2;32;1024;0.114112;136.635;3591696
no-run-length4;500000;2;64;1024;0.069184;225.366;3591696
no-run-length4;500000;2;128;1024;0.063424;245.833;3591696
no-run-length4;500000;2;256;1024;0.063488;245.585;3591696
no-run-length4;500000;2;512;1024;0.059392;262.522;3591696
no-run-length4;500000;3;8;16;20.7424;0.708266;2691160
no-run-length4;500000;3;16;16;9.10938;1.61275;2691160
no-run-length4;500000;3;32;16;4.55773;3.22335;2691160
no-run-length4;500000;3;64;16;2.19949;6.67935;2691160
no-run-length4;500000;3;128;16;1.09568;13.4083;2691160
no-run-length4;500000;3;256;16;0.55856;26.3018;2691160
no-run-length4;500000;3;512;16;0.299712;49.0176;2691160
no-run-length4;500000;3;8;32;9.41741;1.56;2691160
no-run-length4;500000;3;16;32;4.7128;3.11729;2691160
no-run-length4;500000;3;32;32;2.36144;6.22127;2691160
no-run-length4;500000;3;64;32;1.1592;12.6735;2691160
no-run-length4;500000;3;128;32;0.577824;25.425;2691160
no-run-length4;500000;3;256;32;0.298752;49.1751;2691160
no-run-length4;500000;3;512;32;0.161344;91.0549;2691160
no-run-length4;500000;3;8;64;4.46701;3.28881;2691160
no-run-length4;500000;3;16;64;2.24006;6.55837;2691160
no-run-length4;500000;3;32;64;1.12342;13.0771;2691160
no-run-length4;500000;3;64;64;0.568256;25.8531;2691160
no-run-length4;500000;3;128;64;0.305472;48.0933;2691160
no-run-length4;500000;3;256;64;0.168352;87.2645;2691160
no-run-length4;500000;3;512;64;0.102656;143.111;2691160
no-run-length4;500000;3;8;128;2.34701;6.25953;2691160
no-run-length4;500000;3;16;128;1.1639;12.6223;2691160
no-run-length4;500000;3;32;128;0.589088;24.9388;2691160
no-run-length4;500000;3;64;128;0.305152;48.1437;2691160
no-run-length4;500000;3;128;128;0.169792;86.5245;2691160
no-run-length4;500000;3;256;128;0.105088;139.799;2691160
no-run-length4;500000;3;512;128;0.06912;212.546;2691160
no-run-length4;500000;3;8;256;1.25331;11.7219;2691160
no-run-length4;500000;3;16;256;0.622976;23.5822;2691160
no-run-length4;500000;3;32;256;0.317312;46.2988;2691160
no-run-length4;500000;3;64;256;0.166176;88.4072;2691160
no-run-length4;500000;3;128;256;0.10608;138.491;2691160
no-run-length4;500000;3;256;256;0.068448;214.632;2691160
no-run-length4;500000;3;512;256;0.067584;217.376;2691160
no-run-length4;500000;3;8;512;0.6656;22.0721;2691160
no-run-length4;500000;3;16;512;0.334656;43.8993;2691160
no-run-length4;500000;3;32;512;0.167712;87.5975;2691160
no-run-length4;500000;3;64;512;0.096096;152.88;2691160
no-run-length4;500000;3;128;512;0.06816;215.539;2691160
no-run-length4;500000;3;256;512;0.063072;232.927;2691160
no-run-length4;500000;3;512;512;0.058016;253.226;2691160
no-run-length4;500000;3;8;1024;0.430016;34.1642;2691160
no-run-length4;500000;3;16;1024;0.214656;68.4405;2691160
no-run-length4;500000;3;32;1024;0.116288;126.334;2691160
no-run-length4;500000;3;64;1024;0.06912;212.546;2691160
no-run-length4;500000;3;128;1024;0.063456;231.517;2691160
no-run-length4;500000;3;256;1024;0.06304;233.045;2691160
no-run-length4;500000;3;512;1024;0.061728;237.998;2691160
no-run-length4;500000;4;8;16;18.7123;0.756377;2153521
no-run-length4;500000;4;16;16;9.25584;1.52914;2153521
no-run-length4;500000;4;32;16;4.63299;3.05494;2153521
no-run-length4;500000;4;64;16;2.22618;6.35777;2153521
no-run-length4;500000;4;128;16;1.10797;12.7743;2153521
no-run-length4;500000;4;256;16;0.578432;24.4688;2153521
no-run-length4;500000;4;512;16;0.322848;43.8396;2153521
no-run-length4;500000;4;8;32;9.7104;1.45756;2153521
no-run-length4;500000;4;16;32;4.85146;2.91738;2153521
no-run-length4;500000;4;32;32;2.43302;5.81726;2153521
no-run-length4;500000;4;64;32;1.19005;11.8932;2153521
no-run-length4;500000;4;128;32;0.59392;23.8307;2153521
no-run-length4;500000;4;256;32;0.315008;44.9307;2153521
no-run-length4;500000;4;512;32;0.17296;81.8312;2153521
no-run-length4;500000;4;8;64;4.60723;3.07202;2153521
no-run-length4;500000;4;16;64;2.3007;6.15182;2153521
no-run-length4;500000;4;32;64;1.16141;12.1865;2153521
no-run-length4;500000;4;64;64;0.57776;24.4972;2153521
no-run-length4;500000;4;128;64;0.319488;44.3006;2153521
no-run-length4;500000;4;256;64;0.180224;78.5329;2153521
no-run-length4;500000;4;512;64;0.106496;132.902;2153521
no-run-length4;500000;4;8;128;2.37363;5.96281;2153521
no-run-length4;500000;4;16;128;1.18061;11.9883;2153521
no-run-length4;500000;4;32;128;0.59408;23.8243;2153521
no-run-length4;500000;4;64;128;0.319904;44.243;2153521
no-run-length4;500000;4;128;128;0.17792;79.5499;2153521
no-run-length4;500000;4;256;128;0.108832;130.049;2153521
no-run-length4;500000;4;512;128;0.073728;191.969;2153521
no-run-length4;500000;4;8;256;1.29133;10.9604;2153521
no-run-length4;500000;4;16;256;0.647328;21.8645;2153521
no-run-length4;500000;4;32;256;0.341824;41.4059;2153521
no-run-length4;500000;4;64;256;0.178176;79.4356;2153521
no-run-length4;500000;4;128;256;0.107776;131.323;2153521
no-run-length4;500000;4;256;256;0.073728;191.969;2153521
no-run-length4;500000;4;512;256;0.069984;202.239;2153521
no-run-length4;500000;4;8;512;0.711424;19.8946;2153521
no-run-length4;500000;4;16;512;0.364544;38.8253;2153521
no-run-length4;500000;4;32;512;0.18432;76.7878;2153521
no-run-length4;500000;4;64;512;0.100096;141.399;2153521
no-run-length4;500000;4;128;512;0.072928;194.075;2153521
no-run-length4;500000;4;256;512;0.066368;213.258;2153521
no-run-length4;500000;4;512;512;0.061184;231.327;2153521
no-run-length4;500000;4;8;1024;0.447264;31.6447;2153521
no-run-length4;500000;4;16;1024;0.228448;61.9551;2153521
no-run-length4;500000;4;32;1024;0.120832;117.134;2153521
no-run-length4;500000;4;64;1024;0.071744;197.278;2153521
no-run-length4;500000;4;128;1024;0.063392;223.27;2153521
no-run-length4;500000;4;256;1024;0.063488;222.932;2153521
no-run-length4;500000;4;512;1024;0.06144;230.363;2153521
no-run-length4;500000;5;8;16;19.2061;0.718936;1807981
no-run-length4;500000;5;16;16;9.59514;1.43906;1807981
no-run-length4;500000;5;32;16;4.72176;2.92433;1807981
no-run-length4;500000;5;64;16;2.3081;5.98241;1807981
no-run-length4;500000;5;128;16;1.15562;11.9486;1807981
no-run-length4;500000;5;256;16;0.606208;22.7776;1807981
no-run-length4;500000;5;512;16;0.342432;40.3233;1807981
no-run-length4;500000;5;8;32;10.0613;1.37239;1807981
no-run-length4;500000;5;16;32;5.02586;2.74739;1807981
no-run-length4;500000;5;32;32;2.52086;5.47748;1807981
no-run-length4;500000;5;64;32;1.23475;11.1828;1807981
no-run-length4;500000;5;128;32;0.613728;22.4985;1807981
no-run-length4;500000;5;256;32;0.324384;42.5668;1807981
no-run-length4;500000;5;512;32;0.18288;75.503;1807981
no-run-length4;500000;5;8;64;4.7536;2.90474;1807981
no-run-length4;500000;5;16;64;2.38611;5.78681;1807981
no-run-length4;500000;5;32;64;1.19786;11.5272;1807981
no-run-length4;500000;5;64;64;0.597632;23.1045;1807981
no-run-length4;500000;5;128;64;0.325248;42.4537;1807981
no-run-length4;500000;5;256;64;0.186368;74.0899;1807981
no-run-length4;500000;5;512;64;0.112224;123.039;1807981
no-run-length4;500000;5;8;128;2.45146;5.63256;1807981
no-run-length4;500000;5;16;128;1.22061;11.3124;1807981
no-run-length4;500000;5;32;128;0.620544;22.2514;1807981
no-run-length4;500000;5;64;128;0.324128;42.6004;1807981
no-run-length4;500000;5;128;128;0.187456;73.6599;1807981
no-run-length4;500000;5;256;128;0.114912;120.161;1807981
no-run-length4;500000;5;512;128;0.073664;187.445;1807981
no-run-length4;500000;5;8;256;1.32851;10.3936;1807981
no-run-length4;500000;5;16;256;0.67152;20.5623;1807981
no-run-length4;500000;5;32;256;0.340416;40.5621;1807981
no-run-length4;500000;5;64;256;0.185216;74.5507;1807981
no-run-length4;500000;5;128;256;0.114368;120.733;1807981
no-run-length4;500000;5;256;256;0.076064;181.531;1807981
no-run-length4;500000;5;512;256;0.071808;192.29;1807981
no-run-length4;500000;5;8;512;0.733536;18.8239;1807981
no-run-length4;500000;5;16;512;0.372736;37.0449;1807981
no-run-length4;500000;5;32;512;0.193088;71.5113;1807981
no-run-length4;500000;5;64;512;0.106688;129.424;1807981
no-run-length4;500000;5;128;512;0.075904;181.914;1807981
no-run-length4;500000;5;256;512;0.069632;198.299;1807981
no-run-length4;500000;5;512;512;0.064544;213.931;1807981
no-run-length4;500000;5;8;1024;0.461024;29.9507;1807981
no-run-length4;500000;5;16;1024;0.231456;59.657;1807981
no-run-length4;500000;5;32;1024;0.12512;110.358;1807981
no-run-length4;500000;5;64;1024;0.075296;183.383;1807981
no-run-length4;500000;5;128;1024;0.067584;204.308;1807981
no-run-length4;500000;5;256;1024;0.065536;210.693;1807981
no-run-length4;500000;5;512;1024;0.06352;217.38;1807981
no-run-length4;500000;6;8;16;21.4105;0.632943;1551627
no-run-length4;500000;6;16;16;9.69338;1.39803;1551627
no-run-length4;500000;6;32;16;4.84531;2.79685;1551627
no-run-length4;500000;6;64;16;2.32448;5.82996;1551627
no-run-length4;500000;6;128;16;1.18362;11.4493;1551627
no-run-length4;500000;6;256;16;0.612352;22.1305;1551627
no-run-length4;500000;6;512;16;0.34496;39.2846;1551627
no-run-length4;500000;6;8;32;10.2272;1.32506;1551627
no-run-length4;500000;6;16;32;5.11392;2.64995;1551627
no-run-length4;500000;6;32;32;2.5641;5.28515;1551627
no-run-length4;500000;6;64;32;1.25446;10.8027;1551627
no-run-length4;500000;6;128;32;0.630784;21.4838;1551627
no-run-length4;500000;6;256;32;0.328352;41.2716;1551627
no-run-length4;500000;6;512;32;0.18432;73.5223;1551627
no-run-length4;500000;6;8;64;4.84352;2.79789;1551627
no-run-length4;500000;6;16;64;2.43018;5.5764;1551627
no-run-length4;500000;6;32;64;1.21856;11.121;1551627
no-run-length4;500000;6;64;64;0.62048;21.8406;1551627
no-run-length4;500000;6;128;64;0.332192;40.7946;1551627
no-run-length4;500000;6;256;64;0.186496;72.6644;1551627
no-run-length4;500000;6;512;64;0.112544;120.412;1551627
no-run-length4;500000;6;8;128;2.50387;5.41227;1551627
no-run-length4;500000;6;16;128;1.2465;10.8718;1551627
no-run-length4;500000;6;32;128;0.636672;21.2851;1551627
no-run-length4;500000;6;64;128;0.32768;41.3563;1551627
no-run-length4;500000;6;128;128;0.190464;71.1506;1551627
no-run-length4;500000;6;256;128;0.114112;118.757;1551627
no-run-length4;500000;6;512;128;0.074496;181.911;1551627
no-run-length4;500000;6;8;256;1.34992;10.0388;1551627
no-run-length4;500000;6;16;256;0.683968;19.8132;1551627
no-run-length4;500000;6;32;256;0.353184;38.3699;1551627
no-run-length4;500000;6;64;256;0.186592;72.6271;1551627
no-run-length4;500000;6;128;256;0.112;120.997;1551627
no-run-length4;500000;6;256;256;0.074688;181.443;1551627
no-run-length4;500000;6;512;256;0.070656;191.797;1551627
no-run-length4;500000;6;8;512;0.741472;18.2767;1551627
no-run-length4;500000;6;16;512;0.3744;36.1956;1551627
no-run-length4;500000;6;32;512;0.203808;66.4921;1551627
no-run-length4;500000;6;64;512;0.109792;123.43;1551627
no-run-length4;500000;6;128;512;0.075776;178.838;1551627
no-run-length4;500000;6;256;512;0.067776;199.947;1551627
no-run-length4;500000;6;512;512;0.063488;213.452;1551627
no-run-length4;500000;6;8;1024;0.466656;29.0399;1551627
no-run-length4;500000;6;16;1024;0.23392;57.9327;1551627
no-run-length4;500000;6;32;1024;0.124;109.287;1551627
no-run-length4;500000;6;64;1024;0.071968;188.301;1551627
no-run-length4;500000;6;128;1024;0.065632;206.479;1551627
no-run-length4;500000;6;256;1024;0.065088;208.205;1551627
no-run-length4;500000;6;512;1024;0.064768;209.233;1551627
no-run-length4;500000;7;8;16;22.6347;0.589982;1354068
no-run-length4;500000;7;16;16;9.99536;1.33603;1354068
no-run-length4;500000;7;32;16;5.01104;2.66493;1354068
no-run-length4;500000;7;64;16;2.39616;5.57311;1354068
no-run-length4;500000;7;128;16;1.21651;10.9773;1354068
no-run-length4;500000;7;256;16;0.628672;21.2417;1354068
no-run-length4;500000;7;512;16;0.355072;37.6095;1354068
no-run-length4;500000;7;8;32;10.4264;1.28079;1354068
no-run-length4;500000;7;16;32;5.21421;2.56109;1354068
no-run-length4;500000;7;32;32;2.61328;5.11008;1354068
no-run-length4;500000;7;64;32;1.28006;10.4323;1354068
no-run-length4;500000;7;128;32;0.653056;20.4486;1354068
no-run-length4;500000;7;256;32;0.339968;39.2804;1354068
no-run-length4;500000;7;512;32;0.186688;71.5315;1354068
no-run-length4;500000;7;8;64;4.9409;2.70276;1354068
no-run-length4;500000;7;16;64;2.47411;5.39752;1354068
no-run-length4;500000;7;32;64;1.24518;10.7246;1354068
no-run-length4;500000;7;64;64;0.636864;20.9685;1354068
no-run-length4;500000;7;128;64;0.34224;39.0196;1354068
no-run-length4;500000;7;256;64;0.18896;70.6714;1354068
no-run-length4;500000;7;512;64;0.116288;114.836;1354068
no-run-length4;500000;7;8;128;2.55453;5.22761;1354068
no-run-length4;500000;7;16;128;1.28656;10.3797;1354068
no-run-length4;500000;7;32;128;0.659392;20.2521;1354068
no-run-length4;500000;7;64;128;0.336512;39.6838;1354068
no-run-length4;500000;7;128;128;0.191168;69.8551;1354068
no-run-length4;500000;7;256;128;0.11504;116.082;1354068
no-run-length4;500000;7;512;128;0.07536;177.204;1354068
no-run-length4;500000;7;8;256;1.3824;9.66006;1354068
no-run-length4;500000;7;16;256;0.690368;19.3434;1354068
no-run-length4;500000;7;32;256;0.356352;37.4744;1354068
no-run-length4;500000;7;64;256;0.190368;70.1487;1354068
no-run-length4;500000;7;128;256;0.114688;116.438;1354068
no-run-length4;500000;7;256;256;0.079072;168.885;1354068
no-run-length4;500000;7;512;256;0.07168;186.301;1354068
no-run-length4;500000;7;8;512;0.758528;17.6052;1354068
no-run-length4;500000;7;16;512;0.383104;34.8576;1354068
no-run-length4;500000;7;32;512;0.204608;65.2666;1354068
no-run-length4;500000;7;64;512;0.110592;120.751;1354068
no-run-length4;500000;7;128;512;0.079072;168.885;1354068
no-run-length4;500000;7;256;512;0.073024;182.872;1354068
no-run-length4;500000;7;512;512;0.064928;205.675;1354068
no-run-length4;500000;7;8;1024;0.474048;28.1703;1354068
no-run-length4;500000;7;16;1024;0.241504;55.2954;1354068
no-run-length4;500000;7;32;1024;0.129024;103.501;1354068
no-run-length4;500000;7;64;1024;0.075264;177.43;1354068
no-run-length4;500000;7;128;1024;0.066848;199.768;1354068
no-run-length4;500000;7;256;1024;0.065536;203.767;1354068
no-run-length4;500000;7;512;1024;0.065536;203.767;1354068
no-run-length4;500000;8;8;16;23.5217;0.561486;1207083
no-run-length4;500000;8;16;16;10.0753;1.31084;1207083
no-run-length4;500000;8;32;16;5.04198;2.61942;1207083
no-run-length4;500000;8;64;16;2.42493;5.44638;1207083
no-run-length4;500000;8;128;16;1.23331;10.7086;1207083
no-run-length4;500000;8;256;16;0.638944;20.6702;1207083
no-run-length4;500000;8;512;16;0.362272;36.4563;1207083
no-run-length4;500000;8;8;32;10.6405;1.2412;1207083
no-run-length4;500000;8;16;32;5.31866;2.48316;1207083
no-run-length4;500000;8;32;32;2.66995;4.94656;1207083
no-run-length4;500000;8;64;32;1.31277;10.0605;1207083
no-run-length4;500000;8;128;32;0.671552;19.6665;1207083
no-run-length4;500000;8;256;32;0.34816;37.9339;1207083
no-run-length4;500000;8;512;32;0.195136;67.6814;1207083
no-run-length4;500000;8;8;64;5.04394;2.61841;1207083
no-run-length4;500000;8;16;64;2.52179;5.23718;1207083
no-run-length4;500000;8;32;64;1.26803;10.4154;1207083
no-run-length4;500000;8;64;64;0.649216;20.3431;1207083
no-run-length4;500000;8;128;64;0.348064;37.9444;1207083
no-run-length4;500000;8;256;64;0.198592;66.5036;1207083
no-run-length4;500000;8;512;64;0.120832;109.301;1207083
no-run-length4;500000;8;8;128;2.64128;5.00026;1207083
no-run-length4;500000;8;16;128;1.32752;9.94869;1207083
no-run-length4;500000;8;32;128;0.665152;19.8557;1207083
no-run-length4;500000;8;64;128;0.346752;38.088;1207083
no-run-length4;500000;8;128;128;0.1984;66.568;1207083
no-run-length4;500000;8;256;128;0.119296;110.709;1207083
no-run-length4;500000;8;512;128;0.07616;173.412;1207083
no-run-length4;500000;8;8;256;1.39709;9.45329;1207083
no-run-length4;500000;8;16;256;0.702688;18.7951;1207083
no-run-length4;500000;8;32;256;0.36336;36.3471;1207083
no-run-length4;500000;8;64;256;0.192512;68.6039;1207083
no-run-length4;500000;8;128;256;0.119552;110.471;1207083
no-run-length4;500000;8;256;256;0.075968;173.851;1207083
no-run-length4;500000;8;512;256;0.071584;184.498;1207083
no-run-length4;500000;8;8;512;0.778112;16.9732;1207083
no-run-length4;500000;8;16;512;0.39024;33.8435;1207083
no-run-length4;500000;8;32;512;0.207968;63.5054;1207083
no-run-length4;500000;8;64;512;0.11248;117.417;1207083
no-run-length4;500000;8;128;512;0.080352;164.365;1207083
no-run-length4;500000;8;256;512;0.072416;182.378;1207083
no-run-length4;500000;8;512;512;0.06704;197.003;1207083
no-run-length4;500000;8;8;1024;0.482112;27.3942;1207083
no-run-length4;500000;8;16;1024;0.249856;52.8588;1207083
no-run-length4;500000;8;32;1024;0.129952;101.63;1207083
no-run-length4;500000;8;64;1024;0.073824;178.9;1207083
no-run-length4;500000;8;128;1024;0.07152;184.663;1207083
no-run-length4;500000;8;256;1024;0.0656;201.327;1207083
no-run-length4;500000;8;512;1024;0.065344;202.116;1207083
no-run-length4;500000;9;8;16;23.806;0.550372;1102169
no-run-length4;500000;9;16;16;10.5975;1.23634;1102169
no-run-length4;500000;9;32;16;5.31251;2.46629;1102169
no-run-length4;500000;9;64;16;2.5497;5.13872;1102169
no-run-length4;500000;9;128;16;1.29638;10.1067;1102169
no-run-length4;500000;9;256;16;0.664288;19.7236;1102169
no-run-length4;500000;9;512;16;0.36864;35.5419;1102169
no-run-length4;500000;9;8;32;11.0674;1.18385;1102169
no-run-length4;500000;9;16;32;5.52755;2.37034;1102169
no-run-length4;500000;9;32;32;2.77504;4.72143;1102169
no-run-length4;500000;9;64;32;1.36582;9.59287;1102169
no-run-length4;500000;9;128;32;0.69776;18.7775;1102169
no-run-length4;500000;9;256;32;0.361792;36.2146;1102169
no-run-length4;500000;9;512;32;0.201344;65.0736;1102169
no-run-length4;500000;9;8;64;5.2495;2.49589;1102169
no-run-length4;500000;9;16;64;2.63331;4.97555;1102169
no-run-length4;500000;9;32;64;1.32506;9.88801;1102169
no-run-length4;500000;9;64;64;0.681888;19.2145;1102169
no-run-length4;500000;9;128;64;0.359168;36.4792;1102169
no-run-length4;500000;9;256;64;0.201312;65.0839;1102169
no-run-length4;500000;9;512;64;0.12096;108.318;1102169
no-run-length4;500000;9;8;128;2.7448;4.77345;1102169
no-run-length4;500000;9;16;128;1.3865;9.44984;1102169
no-run-length4;500000;9;32;128;0.68896;19.0173;1102169
no-run-length4;500000;9;64;128;0.358752;36.5215;1102169
no-run-length4;500000;9;128;128;0.200064;65.4899;1102169
no-run-length4;500000;9;256;128;0.121568;107.776;1102169
no-run-length4;500000;9;512;128;0.079872;164.04;1102169
no-run-length4;500000;9;8;256;1.46006;8.97369;1102169
no-run-length4;500000;9;16;256;0.735392;17.8166;1102169
no-run-length4;500000;9;32;256;0.372736;35.1513;1102169
no-run-length4;500000;9;64;256;0.201664;64.9703;1102169
no-run-length4;500000;9;128;256;0.120704;108.548;1102169
no-run-length4;500000;9;256;256;0.079456;164.898;1102169
no-run-length4;500000;9;512;256;0.075328;173.935;1102169
no-run-length4;500000;9;8;512;0.794624;16.4885;1102169
no-run-length4;500000;9;16;512;0.401408;32.6405;1102169
no-run-length4;500000;9;32;512;0.209152;62.6442;1102169
no-run-length4;500000;9;64;512;0.115104;113.829;1102169
no-run-length4;500000;9;128;512;0.079872;164.04;1102169
no-run-length4;500000;9;256;512;0.076736;170.743;1102169
no-run-length4;500000;9;512;512;0.068864;190.262;1102169
no-run-length4;500000;9;8;1024;0.505376;25.9256;1102169
no-run-length4;500000;9;16;1024;0.257024;50.9764;1102169
no-run-length4;500000;9;32;1024;0.1336;98.0701;1102169
no-run-length4;500000;9;64;1024;0.07504;174.602;1102169
no-run-length4;500000;9;128;1024;0.069632;188.163;1102169
no-run-length4;500000;9;256;1024;0.068448;191.418;1102169
no-run-length4;500000;9;512;1024;0.066496;197.037;1102169
no-run-length4;500000;10;8;16;24.213;0.542543;1136612
no-run-length4;500000;10;16;16;11.012;1.19293;1136612
no-run-length4;500000;10;32;16;5.51238;2.38311;1136612
no-run-length4;500000;10;64;16;2.65808;4.94214;1136612
no-run-length4;500000;10;128;16;1.35034;9.7284;1136612
no-run-length4;500000;10;256;16;0.69632;18.8658;1136612
no-run-length4;500000;10;512;16;0.382976;34.3014;1136612
no-run-length4;500000;10;8;32;11.6281;1.12973;1136612
no-run-length4;500000;10;16;32;5.80992;2.26107;1136612
no-run-length4;500000;10;32;32;2.9127;4.51011;1136612
no-run-length4;500000;10;64;32;1.4368;9.14297;1136612
no-run-length4;500000;10;128;32;0.72704;18.0686;1136612
no-run-length4;500000;10;256;32;0.377056;34.8399;1136612
no-run-length4;500000;10;512;32;0.212992;61.6766;1136612
no-run-length4;500000;10;8;64;5.52346;2.37833;1136612
no-run-length4;500000;10;16;64;2.77283;4.73762;1136612
no-run-length4;500000;10;32;64;1.38458;9.48782;1136612
no-run-length4;500000;10;64;64;0.710656;18.4852;1136612
no-run-length4;500000;10;128;64;0.383968;34.2128;1136612
no-run-length4;500000;10;256;64;0.208896;62.8859;1136612
no-run-length4;500000;10;512;64;0.126976;103.457;1136612
no-run-length4;500000;10;8;128;2.88765;4.54924;1136612
no-run-length4;500000;10;16;128;1.44893;9.06644;1136612
no-run-length4;500000;10;32;128;0.740288;17.7453;1136612
no-run-length4;500000;10;64;128;0.380576;34.5177;1136612
no-run-length4;500000;10;128;128;0.210272;62.4744;1136612
no-run-length4;500000;10;256;128;0.126976;103.457;1136612
no-run-length4;500000;10;512;128;0.08272;158.808;1136612
no-run-length4;500000;10;8;256;1.52166;8.63306;1136612
no-run-length4;500000;10;16;256;0.770048;17.0595;1136612
no-run-length4;500000;10;32;256;0.394816;33.2727;1136612
no-run-length4;500000;10;64;256;0.210944;62.2754;1136612
no-run-length4;500000;10;128;256;0.124928;105.153;1136612
no-run-length4;500000;10;256;256;0.083936;156.507;1136612
no-run-length4;500000;10;512;256;0.077024;170.552;1136612
no-run-length4;500000;10;8;512;0.835584;15.7215;1136612
no-run-length4;500000;10;16;512;0.42224;31.1117;1136612
no-run-length4;500000;10;32;512;0.221184;59.3922;1136612
no-run-length4;500000;10;64;512;0.121856;107.804;1136612
no-run-length4;500000;10;128;512;0.085952;152.837;1136612
no-run-length4;500000;10;256;512;0.075776;173.361;1136612
no-run-length4;500000;10;512;512;0.070336;186.769;1136612
no-run-length4;500000;10;8;1024;0.52144;25.1929;1136612
no-run-length4;500000;10;16;1024;0.263872;49.784;1136612
no-run-length4;500000;10;32;1024;0.139328;94.2855;1136612
no-run-length4;500000;10;64;1024;0.079872;164.471;1136612
no-run-length4;500000;10;128;1024;0.073888;177.791;1136612
no-run-length4;500000;10;256;1024;0.070784;185.587;1136612
no-run-length4;500000;10;512;1024;0.070208;187.11;1136612
no-run-length4;500000;11;8;16;24.4624;0.533011;1038719
no-run-length4;500000;11;16;16;11.4087;1.14287;1038719
no-run-length4;500000;11;32;16;5.63414;2.31423;1038719
no-run-length4;500000;11;64;16;2.7527;4.7367;1038719
no-run-length4;500000;11;128;16;1.38858;9.38999;1038719
no-run-length4;500000;11;256;16;0.717504;18.1723;1038719
no-run-length4;500000;11;512;16;0.392192;33.2458;1038719
no-run-length4;500000;11;8;32;11.9003;1.09567;1038719
no-run-length4;500000;11;16;32;5.94557;2.19301;1038719
no-run-length4;500000;11;32;32;2.97933;4.3764;1038719
no-run-length4;500000;11;64;32;1.46349;8.90935;1038719
no-run-length4;500000;11;128;32;0.743712;17.5319;1038719
no-run-length4;500000;11;256;32;0.388384;33.5717;1038719
no-run-length4;500000;11;512;32;0.213376;61.1068;1038719
no-run-length4;500000;11;8;64;5.64755;2.30874;1038719
no-run-length4;500000;11;16;64;2.82624;4.61345;1038719
no-run-length4;500000;11;32;64;1.41776;9.1967;1038719
no-run-length4;500000;11;64;64;0.734944;17.7411;1038719
no-run-length4;500000;11;128;64;0.3944;33.0596;1038719
no-run-length4;500000;11;256;64;0.21088;61.83;1038719
no-run-length4;500000;11;512;64;0.131616;99.0664;1038719
no-run-length4;500000;11;8;128;2.96128;4.40307;1038719
no-run-length4;500000;11;16;128;1.4928;8.7344;1038719
no-run-length4;500000;11;32;128;0.751008;17.3616;1038719
no-run-length4;500000;11;64;128;0.387648;33.6355;1038719
no-run-length4;500000;11;128;128;0.218112;59.7799;1038719
no-run-length4;500000;11;256;128;0.131072;99.4775;1038719
no-run-length4;500000;11;512;128;0.086016;151.585;1038719
no-run-length4;500000;11;8;256;1.56045;8.35575;1038719
no-run-length4;500000;11;16;256;0.78416;16.6276;1038719
no-run-length4;500000;11;32;256;0.399104;32.67;1038719
no-run-length4;500000;11;64;256;0.211424;61.671;1038719
no-run-length4;500000;11;128;256;0.126368;103.181;1038719
no-run-length4;500000;11;256;256;0.085184;153.065;1038719
no-run-length4;500000;11;512;256;0.077824;167.541;1038719
no-run-length4;500000;11;8;512;0.847968;15.3764;1038719
no-run-length4;500000;11;16;512;0.428032;30.462;1038719
no-run-length4;500000;11;32;512;0.226848;57.4778;1038719
no-run-length4;500000;11;64;512;0.120832;107.908;1038719
no-run-length4;500000;11;128;512;0.081824;159.351;1038719
no-run-length4;500000;11;256;512;0.076416;170.628;1038719
no-run-length4;500000;11;512;512;0.069984;186.31;1038719
no-run-length4;500000;11;8;1024;0.525184;24.827;1038719
no-run-length4;500000;11;16;1024;0.265152;49.1745;1038719
no-run-length4;500000;11;32;1024;0.137216;95.0233;1038719
no-run-length4;500000;11;64;1024;0.079936;163.114;1038719
no-run-length4;500000;11;128;1024;0.073696;176.926;1038719
no-run-length4;500000;11;256;1024;0.07136;182.717;1038719
no-run-length4;500000;11;512;1024;0.069632;187.252;1038719
no-run-length4;500000;12;8;16;25.4982;0.508354;962136
no-run-length4;500000;12;16;16;11.3601;1.14102;962136
no-run-length4;500000;12;32;16;5.69872;2.27457;962136
no-run-length4;500000;12;64;16;2.75046;4.71271;962136
no-run-length4;500000;12;128;16;1.39059;9.32131;962136
no-run-length4;500000;12;256;16;0.715328;18.1206;962136
no-run-length4;500000;12;512;16;0.39936;32.4573;962136
no-run-length4;500000;12;8;32;12.0456;1.07609;962136
no-run-length4;500000;12;16;32;6.01498;2.15498;962136
no-run-length4;500000;12;32;32;3.01248;4.30281;962136
no-run-length4;500000;12;64;32;1.49232;8.6859;962136
no-run-length4;500000;12;128;32;0.763904;16.9683;962136
no-run-length4;500000;12;256;32;0.393216;32.9644;962136
no-run-length4;500000;12;512;32;0.216768;59.7973;962136
no-run-length4;500000;12;8;64;5.72813;2.26289;962136
no-run-length4;500000;12;16;64;2.87117;4.51459;962136
no-run-length4;500000;12;32;64;1.44237;8.98671;962136
no-run-length4;500000;12;64;64;0.746112;17.3729;962136
no-run-length4;500000;12;128;64;0.396768;32.6693;962136
no-run-length4;500000;12;256;64;0.217088;59.7091;962136
no-run-length4;500000;12;512;64;0.132608;97.7478;962136
no-run-length4;500000;12;8;128;3.00438;4.31441;962136
no-run-length4;500000;12;16;128;1.50317;8.62321;962136
no-run-length4;500000;12;32;128;0.759872;17.0583;962136
no-run-length4;500000;12;64;128;0.385024;33.6658;962136
no-run-length4;500000;12;128;128;0.21888;59.2203;962136
no-run-length4;500000;12;256;128;0.136224;95.1531;962136
no-run-length4;500000;12;512;128;0.083968;154.37;962136
no-run-length4;500000;12;8;256;1.57734;8.2177;962136
no-run-length4;500000;12;16;256;0.800608;16.1904;962136
no-run-length4;500000;12;32;256;0.403616;32.115;962136
no-run-length4;500000;12;64;256;0.21504;60.2778;962136
no-run-length4;500000;12;128;256;0.132736;97.6535;962136
no-run-length4;500000;12;256;256;0.084192;153.959;962136
no-run-length4;500000;12;512;256;0.079872;162.286;962136
no-run-length4;500000;12;8;512;0.866304;14.9626;962136
no-run-length4;500000;12;16;512;0.444416;29.1667;962136
no-run-length4;500000;12;32;512;0.231424;56.0103;962136
no-run-length4;500000;12;64;512;0.12768;101.52;962136
no-run-length4;500000;12;128;512;0.087616;147.943;962136
no-run-length4;500000;12;256;512;0.077824;166.557;962136
no-run-length4;500000;12;512;512;0.074208;174.673;962136
no-run-length4;500000;12;8;1024;0.531264;24.3987;962136
no-run-length4;500000;12;16;1024;0.272384;47.5877;962136
no-run-length4;500000;12;32;1024;0.145408;89.1432;962136
no-run-length4;500000;12;64;1024;0.079872;162.286;962136
no-run-length4;500000;12;128;1024;0.07648;169.484;962136
no-run-length4;500000;12;256;1024;0.073504;176.346;962136
no-run-length4;500000;12;512;1024;0.070912;182.792;962136
no-run-length4;500000;13;8;16;26.4468;0.487457;891663
no-run-length4;500000;13;16;16;11.8325;1.08951;891663
no-run-length4;500000;13;32;16;5.8601;2.19991;891663
no-run-length4;500000;13;64;16;2.85267;4.51915;891663
no-run-length4;500000;13;128;16;1.44848;8.90013;891663
no-run-length4;500000;13;256;16;0.741792;17.3791;891663
no-run-length4;500000;13;512;16;0.410272;31.4222;891663
no-run-length4;500000;13;8;32;12.376;1.04167;891663
no-run-length4;500000;13;16;32;6.18496;2.08436;891663
no-run-length4;500000;13;32;32;3.10294;4.15466;891663
no-run-length4;500000;13;64;32;1.53453;8.40106;891663
no-run-length4;500000;13;128;32;0.779136;16.5461;891663
no-run-length4;500000;13;256;32;0.40464;31.8596;891663
no-run-length4;500000;13;512;32;0.223616;57.6509;891663
no-run-length4;500000;13;8;64;5.88973;2.18884;891663
no-run-length4;500000;13;16;64;2.95923;4.35642;891663
no-run-length4;500000;13;32;64;1.48621;8.6742;891663
no-run-length4;500000;13;64;64;0.765824;16.8337;891663
no-run-length4;500000;13;128;64;0.408352;31.57;891663
no-run-length4;500000;13;256;64;0.223232;57.7501;891663
no-run-length4;500000;13;512;64;0.133728;96.4021;891663
no-run-length4;500000;13;8;128;3.06634;4.20426;891663
no-run-length4;500000;13;16;128;1.54992;8.31763;891663
no-run-length4;500000;13;32;128;0.776192;16.6089;891663
no-run-length4;500000;13;64;128;0.39936;32.2808;891663
no-run-length4;500000;13;128;128;0.22208;58.0496;891663
no-run-length4;500000;13;256;128;0.133952;96.2409;891663
no-run-length4;500000;13;512;128;0.086592;148.878;891663
no-run-length4;500000;13;8;256;1.63869;7.86706;891663
no-run-length4;500000;13;16;256;0.82416;15.6422;891663
no-run-length4;500000;13;32;256;0.417856;30.8519;891663
no-run-length4;500000;13;64;256;0.21808;59.1144;891663
no-run-length4;500000;13;128;256;0.13312;96.8424;891663
no-run-length4;500000;13;256;256;0.087808;146.816;891663
no-run-length4;500000;13;512;256;0.080992;159.172;891663
no-run-length4;500000;13;8;512;0.880416;14.6427;891663
no-run-length4;500000;13;16;512;0.446432;28.8771;891663
no-run-length4;500000;13;32;512;0.231136;55.7752;891663
no-run-length4;500000;13;64;512;0.12416;103.831;891663
no-run-length4;500000;13;128;512;0.087104;148.003;891663
no-run-length4;500000;13;256;512;0.080608;159.93;891663
no-run-length4;500000;13;512;512;0.07328;175.923;891663
no-run-length4;500000;13;8;1024;0.550912;23.4006;891663
no-run-length4;500000;13;16;1024;0.274432;46.9758;891663
no-run-length4;500000;13;32;1024;0.144192;89.4062;891663
no-run-length4;500000;13;64;1024;0.0824;156.452;891663
no-run-length4;500000;13;128;1024;0.078144;164.973;891663
no-run-length4;500000;13;256;1024;0.075776;170.129;891663
no-run-length4;500000;13;512;1024;0.073696;174.93;891663
no-run-length4;500000;14;8;16;24.4655;0.524427;830362
no-run-length4;500000;14;16;16;11.774;1.08972;830362
no-run-length4;500000;14;32;16;5.75453;2.22961;830362
no-run-length4;500000;14;64;16;2.85245;4.49802;830362
no-run-length4;500000;14;128;16;1.44579;8.87428;830362
no-run-length4;500000;14;256;16;0.739552;17.3488;830362
no-run-length4;500000;14;512;16;0.406016;31.6006;830362
no-run-length4;500000;14;8;32;12.4557;1.03008;830362
no-run-length4;500000;14;16;32;6.22182;2.06215;830362
no-run-length4;500000;14;32;32;3.11674;4.1166;830362
no-run-length4;500000;14;64;32;1.54826;8.28698;830362
no-run-length4;500000;14;128;32;0.791584;16.2085;830362
no-run-length4;500000;14;256;32;0.405504;31.6405;830362
no-run-length4;500000;14;512;32;0.22608;56.7514;830362
no-run-length4;500000;14;8;64;5.97213;2.14837;830362
no-run-length4;500000;14;16;64;2.97984;4.30572;830362
no-run-length4;500000;14;32;64;1.49504;8.58195;830362
no-run-length4;500000;14;64;64;0.762304;16.831;830362
no-run-length4;500000;14;128;64;0.4096;31.3241;830362
no-run-length4;500000;14;256;64;0.223232;57.4755;830362
no-run-length4;500000;14;512;64;0.137216;93.5049;830362
no-run-length4;500000;14;8;128;3.08813;4.15474;830362
no-run-length4;500000;14;16;128;1.54816;8.28749;830362
no-run-length4;500000;14;32;128;0.77776;16.4966;830362
no-run-length4;500000;14;64;128;0.398304;32.2125;830362
no-run-length4;500000;14;128;128;0.223232;57.4755;830362
no-run-length4;500000;14;256;128;0.135168;94.9216;830362
no-run-length4;500000;14;512;128;0.086848;147.734;830362
no-run-length4;500000;14;8;256;1.6319;7.8622;830362
no-run-length4;500000;14;16;256;0.823072;15.5884;830362
no-run-length4;500000;14;32;256;0.415616;30.8707;830362
no-run-length4;500000;14;64;256;0.223616;57.3768;830362
no-run-length4;500000;14;128;256;0.134656;95.2825;830362
no-run-length4;500000;14;256;256;0.088096;145.641;830362
no-run-length4;500000;14;512;256;0.08272;155.106;830362
no-run-length4;500000;14;8;512;0.895264;14.3314;830362
no-run-length4;500000;14;16;512;0.45056;28.4765;830362
no-run-length4;500000;14;32;512;0.236832;54.175;830362
no-run-length4;500000;14;64;512;0.131072;97.8879;830362
no-run-length4;500000;14;128;512;0.090304;142.08;830362
no-run-length4;500000;14;256;512;0.081504;157.42;830362
no-run-length4;500000;14;512;512;0.074048;173.271;830362
no-run-length4;500000;14;8;1024;0.544768;23.552;830362
no-run-length4;500000;14;16;1024;0.275968;46.4922;830362
no-run-length4;500000;14;32;1024;0.148448;86.43;830362
no-run-length4;500000;14;64;1024;0.086016;149.163;830362
no-run-length4;500000;14;128;1024;0.079936;160.508;830362
no-run-length4;500000;14;256;1024;0.083456;153.738;830362
no-run-length4;500000;14;512;1024;0.076032;168.75;830362
no-run-length4;500000;15;8;16;25.9045;0.493375;780637
no-run-length4;500000;15;16;16;12.1979;1.04777;780637
no-run-length4;500000;15;32;16;5.96739;2.14175;780637
no-run-length4;500000;15;64;16;2.96534;4.31;780637
no-run-length4;500000;15;128;16;1.49328;8.55877;780637
no-run-length4;500000;15;256;16;0.76576;16.6901;780637
no-run-length4;500000;15;512;16;0.42384;30.1544;780637
no-run-length4;500000;15;8;32;12.8297;0.996179;780637
no-run-length4;500000;15;16;32;6.4121;1.99321;780637
no-run-length4;500000;15;32;32;3.20307;3.99012;780637
no-run-length4;500000;15;64;32;1.58438;8.06663;780637
no-run-length4;500000;15;128;32;0.810592;15.767;780637
no-run-length4;500000;15;256;32;0.417792;30.5909;780637
no-run-length4;500000;15;512;32;0.231712;55.1574;780637
no-run-length4;500000;15;8;64;6.10528;2.09337;780637
no-run-length4;500000;15;16;64;3.06781;4.16605;780637
no-run-length4;500000;15;32;64;1.54214;8.28758;780637
no-run-length4;500000;15;64;64;0.794208;16.0923;780637
no-run-length4;500000;15;128;64;0.41984;30.4417;780637
no-run-length4;500000;15;256;64;0.228896;55.836;780637
no-run-length4;500000;15;512;64;0.138592;92.2177;780637
no-run-length4;500000;15;8;128;3.18061;4.0183;780637
no-run-length4;500000;15;16;128;1.59744;8.0007;780637
no-run-length4;500000;15;32;128;0.80688;15.8396;780637
no-run-length4;500000;15;64;128;0.412064;31.0161;780637
no-run-length4;500000;15;128;128;0.231072;55.3102;780637
no-run-length4;500000;15;256;128;0.140512;90.9576;780637
no-run-length4;500000;15;512;128;0.088064;145.129;780637
no-run-length4;500000;15;8;256;1.67453;7.63238;780637
no-run-length4;500000;15;16;256;0.84848;15.063;780637
no-run-length4;500000;15;32;256;0.430272;29.7036;780637
no-run-length4;500000;15;64;256;0.227104;56.2766;780637
no-run-length4;500000;15;128;256;0.136896;93.3602;780637
no-run-length4;500000;15;256;256;0.088256;144.813;780637
no-run-length4;500000;15;512;256;0.080736;158.302;780637
no-run-length4;500000;15;8;512;0.917504;13.9298;780637
no-run-length4;500000;15;16;512;0.46096;27.7261;780637
no-run-length4;500000;15;32;512;0.24464;52.2426;780637
no-run-length4;500000;15;64;512;0.133824;95.5033;780637
no-run-length4;500000;15;128;512;0.086016;148.584;780637
no-run-length4;500000;15;256;512;0.080096;159.566;780637
no-run-length4;500000;15;512;512;0.075712;168.806;780637
no-run-length4;500000;15;8;1024;0.563392;22.6852;780637
no-run-length4;500000;15;16;1024;0.286208;44.6551;780637
no-run-length4;500000;15;32;1024;0.147456;86.6742;780637
no-run-length4;500000;15;64;1024;0.084352;151.516;780637
no-run-length4;500000;15;128;1024;0.07872;162.356;780637
no-run-length4;500000;15;256;1024;0.077472;164.971;780637
no-run-length4;500000;15;512;1024;0.075776;168.663;780637
no-run-length4;500000;16;8;16;27.0361;0.47105;735363
no-run-length4;500000;16;16;16;12.1144;1.05126;735363
no-run-length4;500000;16;32;16;6.0377;2.10931;735363
no-run-length4;500000;16;64;16;2.93942;4.33261;735363
no-run-length4;500000;16;128;16;1.48704;8.56424;735363
no-run-length4;500000;16;256;16;0.769568;16.5487;735363
no-run-length4;500000;16;512;16;0.422208;30.1637;735363
no-run-length4;500000;16;8;32;12.8907;0.987948;735363
no-run-length4;500000;16;16;32;6.4344;1.97926;735363
no-run-length4;500000;16;32;32;3.22253;3.95198;735363
no-run-length4;500000;16;64;32;1.6048;7.93579;735363
no-run-length4;500000;16;128;32;0.815136;15.6236;735363
no-run-length4;500000;16;256;32;0.418464;30.4336;735363
no-run-length4;500000;16;512;32;0.232032;54.8862;735363
no-run-length4;500000;16;8;64;6.15712;2.0684;735363
no-run-length4;500000;16;16;64;3.08019;4.1346;735363
no-run-length4;500000;16;32;64;1.54995;8.21662;735363
no-run-length4;500000;16;64;64;0.790624;16.108;735363
no-run-length4;500000;16;128;64;0.41984;30.3338;735363
no-run-length4;500000;16;256;64;0.229984;55.375;735363
no-run-length4;500000;16;512;64;0.141664;89.8984;735363
no-run-length4;500000;16;8;128;3.17536;4.01068;735363
no-run-length4;500000;16;16;128;1.5887;8.0162;735363
no-run-length4;500000;16;32;128;0.800736;15.9046;735363
no-run-length4;500000;16;64;128;0.413696;30.7844;735363
no-run-length4;500000;16;128;128;0.231424;55.0304;735363
no-run-length4;500000;16;256;128;0.142528;89.3534;735363
no-run-length4;500000;16;512;128;0.088672;143.623;735363
no-run-length4;500000;16;8;256;1.68051;7.57826;735363
no-run-length4;500000;16;16;256;0.847424;15.0283;735363
no-run-length4;500000;16;32;256;0.429824;29.6292;735363
no-run-length4;500000;16;64;256;0.229376;55.5218;735363
no-run-length4;500000;16;128;256;0.139296;91.4266;735363
no-run-length4;500000;16;256;256;0.088064;144.615;735363
no-run-length4;500000;16;512;256;0.083968;151.669;735363
no-run-length4;500000;16;8;512;0.914592;13.9246;735363
no-run-length4;500000;16;16;512;0.460832;27.6356;735363
no-run-length4;500000;16;32;512;0.241952;52.6359;735363
no-run-length4;500000;16;64;512;0.136928;93.0077;735363
no-run-length4;500000;16;128;512;0.088064;144.615;735363
no-run-length4;500000;16;256;512;0.083488;152.541;735363
no-run-length4;500000;16;512;512;0.07696;165.48;735363
no-run-length4;500000;16;8;1024;0.56272;22.6318;735363
no-run-length4;500000;16;16;1024;0.28608;44.5168;735363
no-run-length4;500000;16;32;1024;0.1568;81.2204;735363
no-run-length4;500000;16;64;1024;0.087488;145.567;735363
no-run-length4;500000;16;128;1024;0.079424;160.347;735363
no-run-length4;500000;16;256;1024;0.077344;164.659;735363
no-run-length4;500000;16;512;1024;0.075936;167.712;735363
no-run-length4;500000;17;8;16;26.4453;0.480025;694402
no-run-length4;500000;17;16;16;12.5329;1.01289;694402
no-run-length4;500000;17;32;16;6.13462;2.0693;694402
no-run-length4;500000;17;64;16;3.04634;4.16711;694402
no-run-length4;500000;17;128;16;1.54061;8.23986;694402
no-run-length4;500000;17;256;16;0.78848;16.0998;694402
no-run-length4;500000;17;512;16;0.433952;29.253;694402
no-run-length4;500000;17;8;32;13.2824;0.955731;694402
no-run-length4;500000;17;16;32;6.62733;1.91546;694402
no-run-length4;500000;17;32;32;3.32982;3.81233;694402
no-run-length4;500000;17;64;32;1.65683;7.66185;694402
no-run-length4;500000;17;128;32;0.840672;15.1003;694402
no-run-length4;500000;17;256;32;0.434176;29.2379;694402
no-run-length4;500000;17;512;32;0.23776;53.3917;694402
no-run-length4;500000;17;8;64;6.34483;2.00075;694402
no-run-length4;500000;17;16;64;3.17645;3.99641;694402
no-run-length4;500000;17;32;64;1.58774;7.99524;694402
no-run-length4;500000;17;64;64;0.821312;15.4562;694402
no-run-length4;500000;17;128;64;0.434656;29.2056;694402
no-run-length4;500000;17;256;64;0.237568;53.4348;694402
no-run-length4;500000;17;512;64;0.146016;86.9384;694402
no-run-length4;500000;17;8;128;3.27792;3.8727;694402
no-run-length4;500000;17;16;128;1.63798;7.75002;694402
no-run-length4;500000;17;32;128;0.832256;15.253;694402
no-run-length4;500000;17;64;128;0.428256;29.6421;694402
no-run-length4;500000;17;128;128;0.239776;52.9428;694402
no-run-length4;500000;17;256;128;0.14512;87.4752;694402
no-run-length4;500000;17;512;128;0.091744;138.368;694402
no-run-length4;500000;17;8;256;1.73261;7.32676;694402
no-run-length4;500000;17;16;256;0.869728;14.5958;694402
no-run-length4;500000;17;32;256;0.445312;28.5068;694402
no-run-length4;500000;17;64;256;0.236896;53.5864;694402
no-run-length4;500000;17;128;256;0.14464;87.7655;694402
no-run-length4;500000;17;256;256;0.09312;136.323;694402
no-run-length4;500000;17;512;256;0.086112;147.417;694402
no-run-length4;500000;17;8;512;0.944128;13.4456;694402
no-run-length4;500000;17;16;512;0.470976;26.9534;694402
no-run-length4;500000;17;32;512;0.254976;49.7867;694402
no-run-length4;500000;17;64;512;0.137952;92.0204;694402
no-run-length4;500000;17;128;512;0.090112;140.874;694402
no-run-length4;500000;17;256;512;0.084512;150.208;694402
no-run-length4;500000;17;512;512;0.07952;159.638;694402
no-run-length4;500000;17;8;1024;0.5776;21.9778;694402
no-run-length4;500000;17;16;1024;0.294624;43.0868;694402
no-run-length4;500000;17;32;1024;0.1536;82.6458;694402
no-run-length4;500000;17;64;1024;0.08608;147.472;694402
no-run-length4;500000;17;128;1024;0.078816;161.064;694402
no-run-length4;500000;17;256;1024;0.077824;163.117;694402
no-run-length4;500000;17;512;1024;0.077664;163.453;694402
no-run-length4;500000;18;8;16;25.1266;0.503752;657563
no-run-length4;500000;18;16;16;12.4397;1.01751;657563
no-run-length4;500000;18;32;16;6.23338;2.03061;657563
no-run-length4;500000;18;64;16;3.04538;4.15632;657563
no-run-length4;500000;18;128;16;1.54381;8.19892;657563
no-run-length4;500000;18;256;16;0.788672;16.0492;657563
no-run-length4;500000;18;512;16;0.432224;29.2847;657563
no-run-length4;500000;18;8;32;13.3383;0.948963;657563
no-run-length4;500000;18;16;32;6.65507;1.90194;657563
no-run-length4;500000;18;32;32;3.33258;3.79813;657563
no-run-length4;500000;18;64;32;1.66195;7.61608;657563
no-run-length4;500000;18;128;32;0.839808;15.072;657563
no-run-length4;500000;18;256;32;0.434176;29.1531;657563
no-run-length4;500000;18;512;32;0.24;52.7398;657563
no-run-length4;500000;18;8;64;6.38845;1.98132;657563
no-run-length4;500000;18;16;64;3.20646;3.94751;657563
no-run-length4;500000;18;32;64;1.61408;7.84197;657563
no-run-length4;500000;18;64;64;0.820672;15.4234;657563
no-run-length4;500000;18;128;64;0.432128;29.2912;657563
no-run-length4;500000;18;256;64;0.236736;53.467;657563
no-run-length4;500000;18;512;64;0.14528;87.1253;657563
no-run-length4;500000;18;8;128;3.25837;3.88463;657563
no-run-length4;500000;18;16;128;1.64285;7.70465;657563
no-run-length4;500000;18;32;128;0.823424;15.3719;657563
no-run-length4;500000;18;64;128;0.42528;29.7629;657563
no-run-length4;500000;18;128;128;0.239616;52.8244;657563
no-run-length4;500000;18;256;128;0.148864;85.0277;657563
no-run-length4;500000;18;512;128;0.09216;137.343;657563
no-run-length4;500000;18;8;256;1.72083;7.35549;657563
no-run-length4;500000;18;16;256;0.883936;14.3195;657563
no-run-length4;500000;18;32;256;0.446048;28.3771;657563
no-run-length4;500000;18;64;256;0.233472;54.2145;657563
no-run-length4;500000;18;128;256;0.143584;88.1544;657563
no-run-length4;500000;18;256;256;0.093056;136.021;657563
no-run-length4;500000;18;512;256;0.086304;146.663;657563
no-run-length4;500000;18;8;512;0.946176;13.3776;657563
no-run-length4;500000;18;16;512;0.47616;26.5826;657563
no-run-length4;500000;18;32;512;0.256384;49.3696;657563
no-run-length4;500000;18;64;512;0.13808;91.6683;657563
no-run-length4;500000;18;128;512;0.092864;136.302;657563
no-run-length4;500000;18;256;512;0.085472;148.09;657563
no-run-length4;500000;18;512;512;0.077824;162.643;657563
no-run-length4;500000;18;8;1024;0.567904;22.2882;657563
no-run-length4;500000;18;16;1024;0.29856;42.3954;657563
no-run-length4;500000;18;32;1024;0.159744;79.2366;657563
no-run-length4;500000;18;64;1024;0.090112;140.465;657563
no-run-length4;500000;18;128;1024;0.080192;157.841;657563
no-run-length4;500000;18;256;1024;0.078304;161.646;657563
no-run-length4;500000;18;512;1024;0.076288;165.918;657563
no-run-length4;500000;19;8;16;25.703;0.491303;627975
no-run-length4;500000;19;16;16;12.8041;0.986245